Data;Histórico;Crédito;Débito;Status
01/07;Ted-transf Elet Dispon Remet.romeu Giora Junior -;;;NÃO CONFIÁVEL
01/07;Resgate Invest Facil;3.111,89;;OK
01/07;Rentab.invest Facilcred*;21,46;;OK
01/07;[pagão Eletron Cobranca Guaruja;;;REVISAR
01/07;Pagto Eletron Cobranca Maddock Lobo;;2.881,78;OK
01/07;» Eletron Cobranca . Faria Lima;;;REVISAR
01/07;Pagto Eletron Cobranca . Plaza Alphaville;;;REVISAR
01/07;Pagto Eletron Cobranca Elektro Guaruja .;;;REVISAR
01/07;Conta de Luz RR Elektro-006530397 q Internet telefonica Brasil S;;;NÃO CONFIÁVEL
01/07;Conta de Agua Esgoto a Internet --sabesp/sp;;163,96;OK
02/07;Liquidacao de Cobranca LA Valor Disponivel;70.956,99;;OK
02/07;Tarifa Registro Cobranca Quando do Registro 00000009;;;NÃO CONFIÁVEL
02/07;Pagto Eletron Cobranca Lo 1306;;;NÃO CONFIÁVEL
02/07;Pagto Eletron Cobranca Vge0s8;;286,69;OK
02/07;Aplic.invest Facil;;60.184,20;OK
03/07;Liquidacao de Cobranca Valor Disponivel;10.798,46;;OK
03/07;“Tarifa Autoriz Cobranca Tit.bx.decurso Prazo 00000002;;5,00;OK
03/07;Pagto Eletron Cobranca Iptu Santos 324;;659,03;OK
03/07;Pagto Eletron Cobranca Iptu Santos 322;;585,60;OK
03/07;Pagto Eletron Cobranca Qdlt 005c01;;1.026,00;OK
03/07;Pagto Eletron Cobranca Qdht006 6a;;;REVISAR
03/07;Pagto Eletron Cobranca Copan;;527,08;OK
03/07;Pagto Eletron Cobranca Nacional Caca Vazamento;;1.172,50;OK
03/07;Aplic.invest Facil;;5.797,25;OK
06/07;Liquidacao de Cobranca Valor Disponivel;46.740,43;;OK
06/07;Resgate Invest Facil;21.591,04;;OK
06/07;Resgate Invest Facil;19.292,62;;OK
06/07;Rentab.invest Facilcred*;;;REVISAR
06/07;Rentab.invest Facilcred*;138,08;;OK
06/07;Tarifa Autoriz Cobranca Tit.bx.decurso Prazo 00000001;;2,50;OK
06/07;Pagto Eletron Cobranca Seguro 201210;;141,98;OK
06/07;Pagto Eletron Cobranca 601;;1.480,44;OK
06/07;Pagto Eletron Cobranca 602;;1.480,44;OK
06/07;Pagto Eletron Cobranca 603;;;NÃO CONFIÁVEL
06/07;Pagto Eletron Cobranca 604;;1.480,44;OK
06/07;Pagto Eletron Cobranca Zoe;;1.818,22;OK
06/07;Pagto Eletron Cobranca 23;;1.674,00;OK
06/07;Pagto Eletron Cobranca si;;1.853,59;OK
06/07;Pagto Eletron Cobranca 52;;1.818,22;OK
06/07;Pagto Eletron Cobranca;;;REVISAR
06/07;Pagto Eletron Cobranca 401;;1.971,90;OK
06/07;Pagto Eletron Cobranca 402;;1.824,14;OK
06/07;Pagto Eletron Cobranca 403;;1.878,22;OK
06/07;Pagto Eletron Cobranca 404;;1.824,14;OK
06/07;Pagto Eletron Cobranca 405;;1.971,90;OK
06/07;Pagto Eletron Cobranca 406;;1.971,90;OK
06/07;Pagto Eletron Cobranca 407;;1.824,14;OK
06/07;Pagto Eletron Cobranca 408;;1.878,22;OK
06/07;Pagto Eletron Cobranca 409;;;NÃO CONFIÁVEL
06/07;Pagto Eletron Cobranca 410;;1.971,90;OK
06/07;Pagto Eletron Cobranca 411;;;REVISAR
06/07;Pagto Eletron Cobranca 708;;1.878,22;OK
06/07;Pagto Eletron Cobranca 1701;;1.971,90;OK
06/07;Pagto Eletron Cobranca 1702;;;REVISAR
06/07;Pagto Eletron Cobranca 1703;;1.878,22;OK
06/07;Pagto Eletron Cobranca 1704;;1.824,14;OK
06/07;Pagto Eletron Cobranca 1705;;1.971,90;OK
06/07;Pagto Eletron Cobranca 1706;;1.971,90;OK
06/07;Pagto Eletron Cobranca 1707;;;REVISAR
06/07;Pagto Eletron Cobranca 1708;;1.878,22;OK
06/07;Pagto Eletron Cobranca 1709;;1.824,14;OK
06/07;Pagto Eletron Cobranca ITIO;;1.971,90;OK
06/07;Pagto Eletron Cobranca 7;;1.981,15;OK
06/07;Pagto Eletron Cobranca nm annnséA;;1.211,51;OK
06/07;Pagto Eletron Cobranca ss ATI6;;550,00;OK
06/07;Pagto Eletron Cobranca B216 ,;;550,00;OK
06/07;. Pagto Eletron Cobranca Qualylaser;;450,00;OK
06/07;Pagto Eletron Cobranca Braslimpo Compra Copa;;;REVISAR
06/07;Pagto Eletron Cobranca Guia Ref: Processo RR X Silvane;;35,75;OK
06/07;Ted Dif.titul.ec H.bank Dest. Regina Celia Faria A;;1.780,00;OK
06/07;Transf Ce Para Ce . Romeu Giora Junior;;1.780,00;OK
06/07;Transf Ce Para Cp Pj . Cleiton Ribeiro Pinto;;350,00;OK
06/07;Doched Internet . Ted Internet;;13,85;OK
06/07;Pix Enviado Des: Aline Kelly Nunes dos;;2.134,00;OK
04/07;Pix Enviado Des: Caio Romeu Faria Dera;;3.787,00;OK
04/07;Pix Enviado Des: Milena Faria Derato G;;4.615,00;OK
04/07;Pix Enviado Des: Lelia Barbosa Soares;;2.195,00;OK
04/07;Conta de Agua Sabesp-0303289694;;;REVISAR
04/07;Conta de Agua Esgoto Internet --sabesp/sp .;;292,20;OK
07/07;Liquidacao de Cobranca Valor Disponivel;47.377,58;;OK
07/07;Tarifa Autoriz Cobranca Tit.bx.decurso Prazo 00000001;;2,50;OK
07/07;Aplic.invest Facil;;46.520,57;OK
07/07;Conta de Gas Comgas'sp-02357674;;854,51;OK
08/07;Resgate Invest Facil;4.827,56;;OK
08/07;Rentab.invest Facilered*;35,78;;OK
08/07;Pagto Eletron Cobranca AL Franca;;3.100,00;OK
08/07;Tarifa Bancaria Transf Pgto Pix;;9,80;OK
08/07;Tarifa Bancaria Transf Pgto Pix;;9,80;OK
08/07;Tarifa Bancaria Transf Pgto Pix;;9,80;OK
08/07;Resgate Invest Facil;8.199,61;;OK
08/07;Resgate Invest Facil;7.354,73;;OK
08/07;Resgate Invest Facil;6.426,16;;OK
08/07;Resgate Invest Facil;6.055,52;;OK
08/07;Resgate Invest Facil;16.567,22;;OK
08/07;Rentab.invest Facilcred*;62,86;;OK
08/07;Rentab.invest Facilcred*;55,50;;OK
08/07;Rentab.invest Facilcred*;47,73;;OK
08/07;Rentab. invest Facilcred*;;;REVISAR
08/07;Rentab.invest Facilered*;116,65;;OK
08/07;Tarifa Registro Cobranca Quando do Registro 00000008;;23,04;OK
08/07;Pagto Eletron Cobranca Rego Freitas;;;REVISAR
08/07;Pagto Eletron Cobranca 422;;839,58;OK
08/07;Pagto Eletron Cobranca 401;;853,54;OK
08/07;Pagto Eletron Cobranca 201;;3.670,20;OK
08/07;Pagto Eletron Cobranca G0003;;601,60;OK
08/07;Pagto Eletron Cobranca 1501;;8.578,50;OK
08/07;Pagto Eletron Cobranca G0202;;1.504,00;OK
08/07;Pagto Eletron Cobranca I614;;412,70;OK
08/07;Pagto Eletron Cobranca 1615;;412,70;OK
08/07;Pagto Eletron Cobranca GOO;;150,40;OK
08/07;Pagto Eletron Cobranca Uol Escritorio;;162,94;OK
08/07;Pagto Eletron Cobranca Begonias;;;REVISAR
08/07;Pagto Eletron Cobranca Geranios;;824,51;OK
08/07;Pagto Eletron Cobranca . Margaridas;;1.295,65;OK
08/07;Pagto Eletronico Tributo Internet --pmsp SP;;236,35;OK
08/07;Pagto Eletronico Tributo Internet --pmsp SP;;103,78;OK
08/07;m Pagto Eletronico Tributo Internet --pmsp SP;;;REVISAR
08/07;Pagto Eletronico Tributo Internet --pmsp SP;;;NÃO CONFIÁVEL
08/07;Pagto Eletronico Tributo Internet --pmsp SP;;171,14;OK
08/07;Pagto Eletronico Tributo Internet --pmsp SP;;;REVISAR
08/07;Pagto Eletronico Tributo Internet -pmsp SP;;;REVISAR
08/07;Pagto Eletronico Tributo Internet -pmsp SP;;571,49;OK
08/07;Pagto Eletronico Tributo Internet --pmsp SP;;134,14;OK
08/07;Pagto Eletronico Tributo Internet -pmsp SP;;9.077,24;OK
08/07;Pagto Eletronico Tributo Internet --pmsp SP;;;REVISAR
08/07;Pagto Eletronico Tributo Internet --pmsp SP;;1.703,44;OK
08/07;Pagto Eletronico Tributo Internet --pmsp SP;;206,43;OK
08/07;Pagto Eletronico Tributo Internet --pmsp SP;;1.268,57;OK
08/07;Pagto Eletronico Tributo Internet --pmsp SP;;103,78;OK
08/07;Pagto Eletronico Tributo Internet --pmsp SP;;171,14;OK
08/07;Pagto Eletronico Tributo Internet --pmsp SP;;625,70;OK
08/07;Pagto Eletronico Tributo Internet --pmsp SP;;;REVISAR
08/07;Pagto Eletronico Tributo Internet --pmsp SP;;171,14;OK
08/07;Pagto Eletronico Tributo Internet --pmsp SP;;398,14;OK
08/07;Pagto Eletronico Tributo Internet --pmsp SP;;132,21;OK
08/07;Pagto Eletronico Tributo Internet --pmsp SP;;1.257,84;OK
08/07;Pagto Eletronico Tributo Internet --pmsp SP;;115,51;OK
08/07;Pagto Eletronico Tributo Internet --pmsp SP;;132,21;OK
08/07;Pagto Eletronico Tributo Internet --pmsp SP;;103,78;OK
08/07;Pagto Eletronico Tributo Internet -pmsp SP;;103,78;OK
08/07;Pagto Eletronico Tributo 593993 Internet --pmsp SP;;;REVISAR
08/07;Pagto Eletronico Tributo Internet --pmsp SP;;103,78;OK
08/07;Pagto Eletronico Tributo;;103,78;OK
08/07;Pagto Eletronico Tributo Internet --pmsp SP;;398,14;OK
08/07;Pagto Eletronico Tributo Internet --pmsp SP;;65,03;OK
08/07;Pagto Eletronico Tributo Internet --pmsp SP;;;REVISAR
08/07;Pagto Eletronico Tributo Internet --pmsp SP;;974,92;OK
08/07;Pagto Eletronico Tributo Internet --pmsp SP;;2.165,72;OK
08/07;Pagto Eletronico Tributo Internet --pmsp SP;;;REVISAR
08/07;Pagto Eletronico Tributo Internet --pmsp SP;;448,47;OK
08/07;Pagto Eletronico Tributo Internet --pmsp SP;;103,78;OK
08/07;Pagto Eletronico Tributo Internet --pmsp SP;;;REVISAR
08/07;Pagto Eletronico Tributo Intemet --pmsp SP;;134,14;OK
08/07;Pagto Eletronico Tributo Internet -pmsp SP;;132,21;OK
08/07;Pagto Eletronico Tributo Internet --pmsp SP;;206,43;OK
08/07;Pagto Eletronico Tributo Internet --pmsp SP;;;REVISAR
08/07;Pagto Eletronico Tributo Internet --pmsp SP;;;REVISAR
08/07;Pagto Eletronico Tributo Intemet --pmsp SP;;103,78;OK
08/07;Pagto Eletronico Tributo Internet --pmsp SP;;;REVISAR
08/07;Pagto Eletronico Tributo Internet --pmsp SP;;103,78;OK
08/07;Pagto Eletronico Tributo Internet --pmsp SP;;132,21;OK
08/07;Pagto Eletronico Tributo Internet --pmsp SP;;103,78;OK
08/07;Pagto Eletronico Tributo Internet --pmsp SP;;15,51;OK
08/07;Pagto Eletronico Tributo Intemet --pmsp SP;;3.730,29;OK
08/07;Pagto Eletronico Tributo Internet --pmsp SP;;150,91;OK
08/07;Pagto Eletronico Tributo Internet --pmsp SP;;;NÃO CONFIÁVEL
08/07;Pagto Eletronico Tributo Internet --pmsp SP;;103,78;OK
08/07;Fagto Eletron Cobranca MAM Porto Saude RR;;;NÃO CONFIÁVEL
08/07;Pagto Eletron Cobranca Enel Araguaia;;1.401,97;OK
08/07;AplicinvestP'acil;;7.535,72;OK
08/07;Conta de Telefone Vivo Fixo-nac 13 Dig-0062640;;;REVISAR
08/07;Conta de Telefone Internet --claro S.a.;;380,89;OK
08/07;Conta de Telefone Internet telefonica Brasil S/;;70,00;OK
08/07;Conta de Agua Esgoto . Internet --sabesp/sp ,;;1.221,90;OK
14/07;Resgate Invest Facil;;;REVISAR
14/07;Rentab.invest Facilcred*;21,62;;OK
14/07;Pagto Eletron Cobranca Enel Matarazzo;;1.515,54;OK
14/07;Pagto Eletronico Tributo Internet --pmsp SP;;542,99;OK
14/07;. Pagto Eletronico Tributo Internet --pmsp SP;;389,70;OK
14/07;Pagto Eletronico Tributo Internet --pmsp SP;;537,50;OK
15/07;Liquidacao de Cobranca Valor Disponivel;6.622,54;;OK
15/07;Ted-transf Elet Dispon Remet.hotelaria Accor Bras;;;REVISAR
15/07;Pagto Eletron Cobranca 27b;;3.187,06;OK
15/07;Pagto Eletron Cobranca Serasa;;788,59;OK
15/07;Ted Dif.titul.ce H.bank Dest. Marilene de Souza;;1.000,00;OK
15/07;Doc/ted Internet Ted Internet;;13,85;OK
15/07;Aplic.invest Facil;;3.815,03;OK
15/07;Conta de Luz Encl Distrib. Sp-00014220403;;666,01;OK
16/07;Resgate Invest Facil;2.098,01;;OK
16/07;Rentab.invest Facilered*;15,84;;OK
16/07;Ted Dif.titul.ec H.bank Dest. Aline Kelly Nunes do;;2.100,00;OK
16/07;Doc/ted Internet Ted Internet;;13,85;OK
17/07;Liquidacao de Cobranca Valor Disponivel;38.821,96;;OK
17/07;Ted Dif.titul.cc H.bank 77837 Dest. Aline Kelly Nunes do;;;REVISAR
17/07;Ted Dif.titul.ce H.bank Dest. Felipe de Almeida PI;;2.246,58;OK
17/07;Doc/ted Internet 77837 Ted Internet;;13,85;OK
17/07;Doc/ted Internet Ted Internet;;13,85;OK
17/07;Aplic.invest Facil;;66.997,33;OK
17/07;Conta de Telefone Internet --vivo/sp;;41,00;OK
17/07;Conta de Agua Esgoto Internet --sabesp/sp;;169,36;OK
20/07;Liquidacao de Cobranca Valor Disponivel;7.050,25;;OK
20/07;Resgate Invest Facil;3.277,75;;OK
20/07;Resgate Invest Facil;10.089,53;;OK
20/07;Rentab.invest Facilcred*;23,86;;OK
20/07;Rentab.invest Facilered*;78,74;;OK
20/07;Tarifa Registro Cobranca Quando do Registro 00000021;;60,48;OK
20/07;Pagto Eletron Cobranca Faria Lima;;857,40;OK
20/07;Pagto Eletron Cobranca Enel 1615;;100,46;OK
20/07;Pagto Eletron Cobranca Enel 1614;;;REVISAR
20/07;Pagto Eletron Cobranca Enel Consolacao;;323,12;OK
20/07;Pagto Eletron Cobranca Ticket Funcionarios;;3.059,37;OK
20/07;Pagto Eletron Cobranca Ticket Regina;;1.304,79;OK
20/07;Pagto Eletron Cobranca Plano de Saude Funcionarios;;1.802,53;OK
20/07;Pagto Eletronico Tributo Internet receita Federal'sp;;9.506,90;OK
20/07;Pagto Eletronico Tributo Internet —receita Federal'sp;;;REVISAR
20/07;Pago Eletronico Tributo Internet --receita Federal/sp;;12,60;OK
20/07;Pagto Eletronico Tributo Internet --pmsp SP;;750,84;OK
20/07;Pix Qr Code Dinamico Des: Cef Matriz;;1.560,88;OK
20/07;Conta de Telefone Internet --claro S.a.;;486,18;OK
20/07;Conta de Telefone PGR 22 mma;;73,89;OK
21/07;Liquidacao de Cobranca Valor Disponivel;21.271,79;;OK
21/07;Pagto Eletron Cobranca Enel AL Franca;;259,92;OK
21/07;Aplic.invest Facil;;21.011,87;OK
22/07;Liquidacao de Cobranca Valor Disponivel;28.457,63;;OK
22/07;Pagto Eletron Cobranca Cafe;;154,08;OK
22/07;Ted Dif.titul.cc H.bank Dest. Romeu Giora Junior;;1.250,00;OK
22/07;Doc/ted Internet Ted Internet;;13,85;OK
22/07;Aplic.invest Facil;;27.039,70;OK
23/07;Resgate Invest Facil;2.600,59;;OK
23/07;Rentab.invest Facilcred*;19,92;;OK
23/07;Pagto Eletron Cobranca Nacional Caca Vazamento;;1.172,50;OK
23/07;Pagto Eletron Cobranca Seguro L614;;135,48;OK
23/07;Pagto Eletron Cobranca Seguro 1615;;109,53;OK
23/07;Pagto Eletron Cobranca Seguiro 401;;81,50;OK
23/07;Pagto Eletron Cobranca 422;;82,05;OK
23/07;Pagto Eletron Cobranca mn;;154,25;OK
23/07;Pagto Eletron Cobranca 1303;;157,72;OK
23/07;Pagto Eletron Cobranca 601;;107,39;OK
23/07;Pagto Eletron Cobranca 602;;107,39;OK
23/07;Pagto Eletron Cobranca 604;;76,23;OK
23/07;Pagto Eletron Cobranca Secovi;;335,87;OK
23/07;2407 Resgate Invest Facil;13.013,84;;OK
23/07;Rentab.invest Facilcred*;101,34;;OK
23/07;Pagto Eletron Cobranca Kdx Informatica;;568,00;OK
23/07;Pagto Eletron Cobranca Sptrans;;974,65;OK
23/07;Pagto Eletronico Tributo Internet receita Federal'sp;;2.060,86;OK
23/07;Pagto Eletronico Tributo Internet --pmsp SP;;591,03;OK
23/07;Pagto Eletronico Tributo Internet --pmsp SP;;591,03;OK
28/07;Resgate Invest Facil;1.360,05;;OK
28/07;Rentab.invest Facilcred*;10,94;;OK
28/07;Pagto Eletron Cobranca Enel Rua Mexico;;839,71;OK
28/07;Conta de Agua Esgoto Internet --sabesp/sp;;531,28;OK
30/07;Resgate Invest Facil;4.594,80;;OK
30/07;Rentab.invest Facilered*;38,12;;OK
30/07;Pagto Eletron Cobranca Galloro;;3.009,08;OK
30/07;Pagto Eletron Cobranca Comgas AL Franca;;220,04;OK
30/07;Pagto Eletronico Tributo Internet --pmsp SP;;591,03;OK
30/07;Conta de Gas Comgas'sp-02357674;;812,77;OK
31/07;Pix Recebido Rem: Sol Alphaville Hotela;36.991,28;;OK
31/07;Pix Recebido Rem: Guerreiro Clinic Oral;22.734,80;;OK
31/07;Ted Dif.titul.cc H.bank Dest. Regina Celia Faria A;;7.230,38;OK
31/07;Pagto Eletronico Tributo Internet --receita Federal'sp;;257,50;OK
31/07;Pagto Eletronico Tributo Internet --receita Federal/sp;;500,00;OK
31/07;Pagto Eletronico Tributo Internet --receita Federal'sp;;;REVISAR
31/07;Pagto Eletronico Tributo Internet --receita Federal'sp;;708,15;OK
31/07;Pagto Eletronico Tributo Internet --receita Federal'sp;;24.289,75;OK
31/07;Pagto Eletronico Tributo Internet --receita Federal/sp;;432,52;OK
31/07;Pagto Eletronico Tributo Internet --receita Federal/sp;;450,63;OK
31/07;Pagto Eletronico Tributo Internet --receita Federal/sp;;9.522,86;OK
31/07;Doc/ted Internet;;13,85;OK
31/07;Ted Intemet;;;NÃO CONFIÁVEL
31/07;Aplic.invest Facil;;14.817,51;OK
