Data;Histórico;Débito;Crédito
01/07;Sispag Salários;148,40;
01/07;Sispag Salários;262,64;
01/07;Sispag Salários;262,64;
01/07;Sispag Salários;317,80;
01/07;Sispag Salários;137,80;
01/07;Sispag Salários;148,40;
01/07;Sispag Salários;326,20;
01/07;Sispag Salários;148,40;
01/07;Sispag Salários;262,64;
01/07;Sispag Salários;116,60;
01/07;Sispag Salários;148,40;
01/07;Sispag Salários;131,32;
01/07;Sispag Salários;254,40;
01/07;Sispag Salários;148,40;
01/07;Sispag Salários;148,40;
01/07;Sispag Salários;148,40;
01/07;Sispag Salários;190,80;
01/07;Sispag Salários;148,40;
01/07;Sispag Salários;148,40;
01/07;Sispag Salários;137,80;
01/07;Sispag Salários;148,40;
01/07;Sispag Salários;148,40;
01/07;Sispag Salários;254,40;
01/07;Sispag Salários;148,40;
01/07;Sispag Salários;254,40;
01/07;Sispag Salários;265,00;
01/07;Sispag Salários;127,20;
01/07;Sispag Salários;148,40;
01/07;PIX ENVIADO SIMONE OLIVE;265,00;
01/07;PIX ENVIADO ANA PAULA DO;3.969,00;
01/07;BOLETO PAGO 55448259 Mar;2.769,96;
01/07;Mov Tít Cob Disp  01/07S;;7.721,61
01/07;Transf 0384.70793-1;;3.345,81
01/07;Res Aplic Aut Mais;;1.167,37
01/07;Rend Pago Aplic Aut Mais;;0,01
02/07;IOF;124,89;
02/07;Sispag Salários;2.707,49;
02/07;Sabesp      0102685614;163,96;
02/07;Sabesp      0576198676;388,38;
02/07;Res Aplic Aut Mais;;3.384,71
02/07;Rend Pago Aplic Aut Mais;;0,01
03/07;Sispag  CONCESSIONARIA;295,86;
03/07;Sispag  CONCESSIONARIA;85,00;
03/07;PIX ENVIADO PAULO SERGIO;475,00;
03/07;BOLETO PAGO IMUVI  INSTI;100,56;
03/07;BOLETO PAGO IMUVI  INSTI;480,00;
03/07;PIX TRANSF  KATIA I03/07;;27,00
03/07;PIX TRANSF  RODRIGO03/07;;3.386,04
03/07;Apl Aplic Aut Mais;1.976,62;
06/07;Sispag  PIX QR-CODE;513,00;
06/07;PIX ENVIADO 63.921.227 K;2.450,00;
06/07;PIX ENVIADO AMERICO LUIZ;1.560,00;
06/07;Parcela Giro    11/48;1.602,90;
06/07;Mov Tít Cob Disp  05/07S;;3.845,00
06/07;Mov Tít Cob Disp  06/07S;;13.432,51
06/07;PIX TRANSF  CARMITA06/07;;15.406,59
06/07;PIX TRANSF  CLAUDIA06/07;;4.500,00
06/07;Apl Aplic Aut Mais;30.918,99;
06/07;Sisdeb  PORTO SEGURO;139,21;
07/07;Sispag Salários;1.166,39;
07/07;Sispag Salários;1.792,29;
07/07;Sispag Salários;938,58;
07/07;Sispag Salários;691,40;
07/07;Sispag Salários;1.315,86;
07/07;Sispag Salários;1.216,72;
07/07;Sispag Salários;985,02;
07/07;Sispag Salários;1.914,72;
07/07;Sispag Salários;836,12;
07/07;Sispag Salários;1.798,11;
07/07;Sispag Salários;806,58;
07/07;Sispag Salários;616,57;
07/07;Sispag Salários;1.301,94;
07/07;Sispag Salários;2.938,97;
07/07;Sispag Salários;1.176,80;
07/07;Sispag Salários;67,54;
07/07;Sispag Salários;1.556,72;
07/07;Sispag Salários;833,96;
07/07;Sispag Salários;1.556,72;
07/07;Sispag Salários;1.285,23;
07/07;Sispag Salários;1.254,70;
07/07;Sispag Salários;3.414,42;
07/07;Sispag Salários;1.207,62;
07/07;Sispag Salários;825,62;
07/07;Sispag Salários;1.207,62;
07/07;Sispag Salários;1.929,22;
07/07;Sispag Salários;779,49;
07/07;Sispag Salários;68,61;
07/07;Sispag Salários;888,33;
07/07;Sispag Salários;1.172,59;
07/07;Sispag Salários;1.011,90;
07/07;Sispag Salários;1.285,23;
07/07;Sispag Salários;1.048,01;
07/07;Sispag Salários;1.023,41;
07/07;PIX ENVIADO NATALIA BEZE;889,66;
07/07;PIX ENVIADO SIMONE OLIVE;888,05;
07/07;PIX ENVIADO GILMAR SILVA;2.000,00;
07/07;Débito Seguro      03/60;537,60;
07/07;Mov Tít Cob Disp  07/07S;;7.585,27
07/07;PIX TRANSF  ANASTAC07/07;;5.120,00
07/07;PIX TRANSF  ARI TRI07/07;;2.677,09
07/07;PIX TRANSF  PAULO P07/07;;5.120,00
07/07;PIX TRANSF  SIDNEI 07/07;;6.364,25
07/07;Res Aplic Aut Mais;;19.361,54
07/07;Rend Pago Aplic Aut Mais;;0,17
08/07;PIX ENVIADO GISELE MARTI;27,02;
08/07;PIX ENVIADO AMERICO LUIZ;8.250,00;
08/07;PIX ENVIADO ANA PAULA DO;3.780,00;
08/07;PIX ENVIADO NELSON VITAL;276,60;
08/07;PIX ENVIADO 63.921.227 K;44,19;
08/07;BOLETO PAGO PORTO SEGURO;10.617,97;
08/07;Parcela Giro    13/24;3.107,61;
08/07;Mov Tít Cob Disp  08/07S;;10.223,41
08/07;PIX TRANSF  NORMA D08/07;;5.384,30
08/07;Res Aplic Aut Mais;;10.495,66
08/07;Rend Pago Aplic Aut Mais;;0,02
10/07;Sispag  PIX QR-CODE;2.327,92;
10/07;Sispag  PIX QR-CODE;4.698,91;
10/07;Sispag  TRIB MUNICIPAL;14,43;
10/07;PIX ENVIADO AM GALLORO C;3.124,22;
10/07;BOLETO PAGO SAFEPILL COM;3.731,37;
10/07;BOLETO PAGO SGM ELEVADOR;250,00;
10/07;Mov Tít Cob Disp  09/07S;;3.638,15
10/07;Mov Tít Cob Disp  10/07S;;22.646,35
10/07;PIX TRANSF  ROSANA 10/07;;4.000,00
10/07;Apl Aplic Aut Mais;16.137,65;
13/07;Mov Tít Cob Disp  13/07S;;10.678,80
13/07;Transf 0384.70793-1;;3.390,68
13/07;PIX TRANSF  MARILIA13/07;;7.187,89
13/07;Apl Aplic Aut Mais;20.933,43;
13/07;DA  VIVO FIXO 9374065381;323,94;
14/07;Sispag  PIX QR-CODE;873,01;
14/07;PIX ENVIADO MARTINEZ BRA;1.800,00;
14/07;PIX ENVIADO LUQUE SOCIED;10.500,00;
14/07;PIX ENVIADO SUPORTE SOLU;2.000,00;
14/07;PIX ENVIADO RAFAEL FERRE;170,00;
14/07;Res Aplic Aut Mais;;15.342,81
14/07;Rend Pago Aplic Aut Mais;;0,20
15/07;Sispag  PIX QR-CODE;1.800,00;
15/07;Sispag  PIX QR-CODE;3.905,69;
15/07;Sispag  PIX QR-CODE;3.375,13;
15/07;Sispag Salários;300,00;
15/07;Sispag Salários;150,00;
15/07;Sispag Salários;300,00;
15/07;PIX ENVIADO AMERICO LUIZ;6.559,00;
15/07;PIX ENVIADO MAOS A OBRA;434,70;
15/07;PIX ENVIADO KATIA INGRID;704,00;
15/07;PIX ENVIADO PANIFICADORA;645,00;
15/07;PIX ENVIADO ANA LUISE PE;561,00;
15/07;PIX ENVIADO ANA PAULA DO;3.780,00;
15/07;PIX ENVIADO SAGRADO EMER;1.110,00;
15/07;BOLETO PAGO NUTRIPORT CO;480,00;
15/07;BOLETO PAGO ORG FARMACEU;143,24;
15/07;BOLETO PAGO PIXNET;1.000,00;
15/07;TED 033.0021.LUIZ A Z;;1.000,00
15/07;Res Aplic Aut Mais;;24.247,67
15/07;Rend Pago Aplic Aut Mais;;0,09
16/07;Transf 0384.70793-1;;3.607,02
16/07;Apl Aplic Aut Mais;1.822,61;
16/07;DA  ELETROPAULO 34748489;1.784,41;
17/07;Sispag  PIX QR-CODE;8.488,00;
17/07;Sispag Salários;389,39;
17/07;PIX ENVIADO KELLY CRISTI;400,00;
17/07;BOLETO PAGO VERISURE BRA;289,30;
17/07;BOLETO PAGO VERISURE BRA;285,65;
17/07;BOLETO PAGO INTERMEDICA;455,00;
17/07;BOLETO PAGO 55448259 Mar;2.722,40;
17/07;BOLETO PAGO VERISURE BRA;260,64;
17/07;Mov Tít Cob Disp  17/07S;;4.805,22
17/07;PIX TRANSF  CASA DE17/07;;1.000,00
17/07;DA  ELETROPAULO 34748128;212,75;
17/07;DA  VIVO-SP 03724411849;489,29;
17/07;Res Aplic Aut Mais;;8.187,16
17/07;Rend Pago Aplic Aut Mais;;0,04
20/07;Sispag  PIX QR-CODE;7.692,40;
20/07;Sispag  PIX QR-CODE;10.491,52;
20/07;Sispag  PIX QR-CODE;1.422,83;
20/07;Sispag Salários;768,88;
20/07;Sispag Salários;721,60;
20/07;Sispag Salários;721,60;
20/07;Sispag Salários;742,40;
20/07;Sispag Salários;29,50;
20/07;Sispag Salários;300,00;
20/07;Sispag Salários;1.087,22;
20/07;Sispag Salários;721,60;
20/07;Sispag Salários;721,60;
20/07;Sispag Salários;768,88;
20/07;Sispag Salários;1.770,03;
20/07;Sispag Salários;721,60;
20/07;Sispag Salários;721,60;
20/07;Sispag Salários;768,88;
20/07;Sispag Salários;721,60;
20/07;Sispag Salários;721,60;
20/07;Sispag Salários;721,60;
20/07;Sispag Salários;768,88;
20/07;Sispag Salários;721,60;
20/07;Sispag Salários;769,16;
20/07;Sispag Salários;768,88;
20/07;PIX ENVIADO NATALIA BEZE;721,00;
20/07;PIX ENVIADO SIMONE OLIVE;721,00;
20/07;PIX ENVIADO GILMAR SILVA;2.000,00;
20/07;BOLETO PAGO ITAU UNIBANC;10.499,45;
20/07;Mov Tít Cob Disp  20/07S;;4.035,00
20/07;PIX TRANSF  CASA DE20/07;;3.963,00
20/07;PIX TRANSF  CLAUDIA20/07;;1.462,19
20/07;PIX TRANSF  Jessica20/07;;5.003,75
20/07;Res Aplic Aut Mais;;5.088,78
20/07;Rend Pago Aplic Aut Mais;;0,05
21/07;PIX ENVIADO AMERICO LUIZ;1.400,00;
21/07;PIX ENVIADO 63.921.227 K;850,00;
21/07;BOLETO PAGO GERO 360 SOL;994,50;
21/07;PIX TRANSF  Dayane 21/07;;62,03
22/07;Mov Tít Cob Disp  22/07S;;26.022,00
22/07;Transf 0384.70793-1;;4.406,61
23/07;PIX TRANSF  CAMILA 23/07;;4.382,75
23/07;PIX TRANSF  Roberto23/07;;7.385,00
23/07;Apl Aplic Aut Mais;9.259,75;
24/07;PIX TRANSF  SEBASTI24/07;;1.975,00
24/07;Apl Aplic Aut Mais;1.975,00;
27/07;PIX ENVIADO HERMINIO DE;2.400,00;
27/07;PIX ENVIADO LUCIENE PERE;3.011,72;
27/07;BOLETO PAGO PORTO S COMP;689,47;
27/07;BOLETO PAGO LAB EX EHRLI;703,78;
27/07;BOLETO PAGO IFRACTAL DES;391,50;
27/07;BOLETO PAGO BR DOMINIO S;69,00;
27/07;Mov Tít Cob Disp  27/07S;;2.991,44
27/07;Res Aplic Aut Mais;;4.274,01
27/07;Rend Pago Aplic Aut Mais;;0,02
28/07;Sispag Salários;2.887,67;
28/07;PIX ENVIADO ALEXANDRE AR;1.698,55;
28/07;PIX ENVIADO KATIA INGRID;3.347,23;
28/07;PIX ENVIADO THAIS DE MEL;4.774,00;
28/07;PIX ENVIADO PATRICIA DO;440,00;
28/07;PIX ENVIADO RAFAEL FERRE;100,00;
28/07;PIX ENVIADO ANA PAULA DO;3.780,00;
28/07;PIX ENVIADO AYLA CAMILA;114,46;
28/07;PIX TRANSF  ALBERTO28/07;;4.541,00
28/07;Res Aplic Aut Mais;;6.960,74
28/07;Rend Pago Aplic Aut Mais;;0,04
29/07;Sispag  PIX QR-CODE;28,81;
29/07;Sispag Salários;894,05;
29/07;PIX TRANSF  CAROLIN29/07;;100,00
29/07;PIX TRANSF  KELLY C29/07;;6.500,00
29/07;Apl Aplic Aut Mais;37,01;
30/07;Sispag  PIX QR-CODE;698,26;
30/07;PIX ENVIADO MARCELO PERE;44,97;
30/07;PIX ENVIADO EDUARDO ZAC;3.224,18;
30/07;Mov Tít Cob Disp  30/07S;;4.493,85
30/07;PIX TRANSF  FABIA S30/07;;7.562,72
30/07;Apl Aplic Aut Mais;8.089,16;
31/07;Sispag  TRIB MUNICIPAL;4.459,47;
31/07;Sispag  TRIB MUNICIPAL;407,07;
31/07;Sispag Salários;300,00;
31/07;Sispag Salários;150,00;
31/07;Sispag Salários;450,00;
31/07;PIX ENVIADO MOISES JESUS;1.613,25;
31/07;PIX ENVIADO ELAINE REGIN;450,00;
31/07;PIX ENVIADO ANA PAULA DO;3.780,00;
31/07;PIX ENVIADO ERICA SANTOS;721,60;
31/07;BOLETO PAGO R.B.QUALITY;2.154,94;
31/07;Fin Veíc    30/42;1.632,95;
31/07;Mov Tít Cob Disp  31/07S;;3.396,04
31/07;PIX TRANSF  CASA DE31/07;;8.000,00
31/07;PIX TRANSF  DRK EMP31/07;;542,80
31/07;PIX TRANSF  ROSEMEI31/07;;3.715,00
31/07;Res Aplic Aut Mais;;465,44
31/07;na conta corrente (1);;98.975,89
