Data;Histórico;Crédito;Débito
04/08/2026;Resgate Invest Facil;16.437,52;
04/08/2026;Resgate Invest Facil;4.786,96;
04/08/2026;Rentab.invest Facilcred*;8,91;
04/08/2026;Rentab.invest Facilcred*;1,80;
04/08/2026;Tarifa Bancaria Transf Pgto Pix;;4,50
04/08/2026;Tarifa Bancaria Transf Pgto Pix;;4,50
04/08/2026;Tarifa Bancaria Transf Pgto Pix;;4,50
04/08/2026;Tarifa Bancaria Transf Pgto Pix;;4,50
04/08/2026;Tarifa Bancaria Transf Pgto Pix;;4,50
04/08/2026;Pix Enviado Des: R Luiz Ramos Consulto 04/08;;19.770,00
04/08/2026;Pix Enviado Des: Valeria Cristina de L 04/08;;1.442,69
06/08/2026;Resgate Invest Facil;160,58;
06/08/2026;Rentab.invest Facilcred*;0,06;
06/08/2026;Tarifa Bancaria Transf Pgto Pix;;4,50
06/08/2026;Tarifa Bancaria Transf Pgto Pix;;4,50
06/08/2026;Pix Enviado Des: Lucas Wolmer Granco 06/08;;151,64
10/08/2026;Resgate Invest Facil;643,44;
10/08/2026;Rentab.invest Facilcred*;0,26;
10/08/2026;Tarifa Bancaria Transf Pgto Pix;;2,12
10/08/2026;Gastos Cartao de Credito;;641,58
11/08/2026;Resgate Invest Facil;6.289,71;
11/08/2026;Resgate Invest Facil;14.462,04;
11/08/2026;Rentab.invest Facilcred*;2,62;
11/08/2026;Rentab.invest Facilcred*;0,46;
11/08/2026;Pix Enviado Des: AM Galloro Contabilid 11/08;;5.110,05
11/08/2026;Pix Qr Code Dinamico Des: Municipio de Osasco 11/08;;15.499,23
11/08/2026;Pix Qr Code Dinamico Des: Vindi Pagamentos S/a 11/08;;145,55
13/08/2026;Resgate Invest Facil;3.289,10;
13/08/2026;Rentab.invest Facilcred*;0,15;
13/08/2026;Tarifa Bancaria Transf Pgto Pix;;4,50
13/08/2026;Pix Enviado Des: Emerenciano Baggio e 13/08;;3.284,75
14/08/2026;Resgate Invest Facil;183,59;
14/08/2026;Rentab.invest Facilcred*;0,01;
14/08/2026;Tarifa Bancaria Max Empresarial 1;;183,60
17/08/2026;Resgate Invest Facil;10,00;
17/08/2026;Tarifa Bancaria Transf Pgto Pix;;4,50
20/08/2026;Ted-transf Elet Dispon Remet.brasilata S A Embala;17.062,50;
20/08/2026;Aplic.invest Facil;;17.068,00
28/08/2026;Ted-transf Elet Dispon Remet.ds Tecnologia e Serv;65.649,30;
28/08/2026;Pagto Eletronico Tributo Internet --receita Federal/sp;;625,16
28/08/2026;Pagto Eletronico Tributo Internet --receita Federal/sp;;636,72
28/08/2026;Pagto Eletronico Tributo Internet --receita Federal/sp;;613,64
28/08/2026;Pagto Eletronico Tributo Internet --p.m Osasco/sp;;362,05
28/08/2026;Aplic.invest Facil;;63.411,73
31/08/2026;Resgate Invest Facil;2.796,02;
31/08/2026;Resgate Invest Facil;17.068,00;
31/08/2026;Resgate Invest Facil;28.436,80;
31/08/2026;Rentab.invest Facilcred*;0,36;
31/08/2026;Rentab.invest Facilcred*;5,26;
31/08/2026;Titulo de Capitalizacao Capitalizacao 1137 0050177159-7;;113,27
31/08/2026;Titulo de Capitalizacao Capitalizacao 1137 0050177159-7;;113,27
31/08/2026;Pix Enviado Des: de Moura e Oettling C 29/08;;30.000,00
31/08/2026;Pix Enviado Des: Nathalya Goncalves da 29/08;;8.079,90
31/08/2026;Pix Enviado Des: Lucas Wolmer Granco 29/08;;10.000,00
