Data;Débito;Crédito
01/07/2026;3.962,85;
02/07/2026;;1.845,69
03/07/2026;;1.526,25
03/07/2026;;561,51
03/07/2026;;251,93
06/07/2026;3.242,47;
07/07/2026;1.403,40;
08/07/2026;4.753,99;
10/07/2026;14.858,85;
13/07/2026;;3.710,92
13/07/2026;;3.242,47
13/07/2026;;1.403,40
13/07/2026;;4.753,99
13/07/2026;;10.410,95
14/07/2026;;724,49
15/07/2026;12.618,50;
16/07/2026;;3.723,41
16/07/2026;;10.279,34
17/07/2026;10.956,05;
20/07/2026;;2.339,16
20/07/2026;;9.213,68
21/07/2026;2.625,35;
22/07/2026;;1.742,37
22/07/2026;;1.517,57
23/07/2026;2.447,85;
24/07/2026;;1.107,78
24/07/2026;;1.606,18
27/07/2026;68.666,25;
28/07/2026;;841,67
28/07/2026;;62.941,90
29/07/2026;;3.025,94
30/07/2026;;2.371,93
31/07/2026;10.063,60;
